Name,Price,Original Price,Rating,Number of Ratings
GoSports Inflataman Football Challenge - Inflatable Receiver Touchdown Toss Game,"$35
98",$44.99,4.5,"3,202"
"Original with App, Used by Celebrities - MMA Gear Boxing Ball - Boxing Reflex Ball with Adjustable Strap - Interactive Boxball App Integration - 1 Pack","$29
99",N/A,3.9,"2,513"
Franklin Sports Youth Footballs - Junior + Pee Wee Kids Footballs - All-Weather Synthetic Leather Outdoor Footballs - Extra Grip 1000 Footballs for Kids - 1 Packs + 12 Football Team Packs,"$11
96",$14.99,4.6,"6,136"
"adidas Alliance Sackpack (12L) Lightweight Athletic Small Drawstring Team Sports Workout Bag, Black, One Size","$14
00",$20.00,4.8,"33,709"
"SKLZ Pro Mini Indoor Basketball Hoop - Over The Door – Portable - Great for Home, Dorms, Offices, and Gifts","$29
99",N/A,4.5,"33,064"
Franklin Sports Kids Football Target Toss Game - Inflatable Football Throwing Target Toy with Soft Mini Footballs - Fun Kids Football Toy Toss Game - Inflatable Indoor + Outdoor Sports Game,"$22
87",$29.99,4.1,"1,648"
"Amazon Essentials Women's Comfortable Cushioned Hiking Crew Socks, 3 Pairs","$15
20",N/A,4.2,121
"GoSports Slammo Game Set (Includes 3 Balls, Carrying Case and Rules) - Outdoor Lawn, Beach & Tailgating Roundnet Game for Kids, Teens & Adults","$34
99",N/A,4.4,"9,350"
"Nerf Mini Foam Sports Ball Set - Foam Football, Soccer Ball + Basketball Set Soft Foam Sports Set for Kids",N/A,N/A,4.7,583
Light Up Football - Glow in the Dark Ball - NO 6 - Outdoor Sports Birthday Gifts for Boys 8-15+ Year Old - Kids Teenage Youth Easter Gift Ideas Activity - Boy Toys Stuff Ages 8 9 10 11 12 13 14 15,"$27
99",$34.99,4.5,"1,016"
Ultimate Football Trivia Book: 600 Questions for the Super-Fan,"$12
28",$14.99,4.7,861
Wave Runner LED Light-Up Football - Glow in The Dark Football Games- Size 10.35 in. with Pump and Batteries Included | Perfect Football Game Gifts for Teen Boys Ages 7-15 Football Fans & Players,"$43
75",N/A,4.6,277
NERF Vortex Aero Howler Foam Football - NERF Soft Vortex Football for Long-Distance Throws - Perfect for Pool + Beach Football - Kids Aero Howler Whistle Vortex Foam Ball - Red,"$9
88",$11.99,4.8,"8,827"
"Wireless Earbuds, 2024 Bluetooth 5.4 Headphones Sport, Bluetooth Earbuds with ENC Noise Canceling Mic, 50HStereo Wireless Headphones IP7 Waterproof with Earhooks, Workout/ Running with LED Display","$129
99",N/A,4.9,131
Riddell 32 Piece NFL Helmet Tracker Set - Gumball Size Helmets - All NFL Current Logo's - New 2023 Set,"$34
90",N/A,4.6,451
Scholastic Year in Sports 2024,"$10
39",$14.99,4.4,62
"Wave Runner Grip It Waterproof Junior Size Football, 9.25 Size, Durable & Double Laced, Perfect for Beach Accessories, Kids Games, Pool Toys, Outdoor Games, All-Weather Indoor & Outdoor Play","$19
95",N/A,4.5,579
"TOSY Flying Disc - 16 Million Color RGB or 36 LEDs, Extremely Bright, Smart Modes, Auto Light Up, Rechargeable, Cool Fun Christmas, Birthday & Camping Gift for Men/Boys/Teens/Kids, 175g Frisbee","$32
29",$39.99,4.5,"4,877"
Weird But True Sports: 300 Wacky Facts About Awesome Athletics,"$7
86",$9.99,4.8,582
GlowCity Premium Leather LED Rechargeable Light-Up Baseball - Illuminate The Game - Nighttime Fun and Play - Sports Stuff & Gadgets for Kids Age 8 Years Old and Up - Catch Only,"$24
99",$29.99,4.1,62
"Glow in The Dark Football - Light Up LED Ball - Perfect for Evening Play, Camping, and Beach Fun!","$28
99",$34.99,4.5,"8,224"
"Sports Equipment Organizer, Sports Equipment Storage, Ball Storage Rack, Easy-Access Ball Rack for Kids, for Home, School, Yard, Gym with Elastic Cord Bottom","$109
99",N/A,4.8,7
"Fourth Down® - The Best Football Card Game for Christmas, Holidays, Family Game Night, Stocking Stuffers, Parties, Travel for Kids, Football Fans, Friends, Family! 2-5 Players Age 7+","$14
49",N/A,4.3,106
"Punofell Christmas Baseball Gifts for Boys 8-12 - Baseball Gifts for Men for All Ages- Gifts for Boys Who Love Baseball Blanket- Baseball Player/Lover Gift - Baseball Team/Fan Gifts Blanket 50"" x 60""","$26
99",N/A,4.9,41
"TOSY Flying Ring - 16 Million Color RGB or 12 LEDs, Super Bright, Lost Mode, Auto Light Up, Safe & Soft, Waterproof, Lightweight Frisbee, Birthday, Camping & Outdoor/Indoor Gift Toy for Boy/Girl/Kid","$15
99",$19.95,4.1,"3,032"
Got Your Answers: The 100 Greatest Sports Arguments Settled,"$12
67",$14.99,4.4,88
"Skillmatics Card Game - Guess in 10 Sports, Stocking Stuffers, Perfect for Boys, Girls, Kids, and Families Who Love Toys, Board Games, Gifts for Ages 6, 7, 8, 9 and Up","$14
97",$19.97,4.7,"28,021"
"ETENWOLF Electric Ball Pump Inflation & Deflation 2-17PSI, Basketball Pump with Precise Pressure Gauge, Rechargeable Air Pump for Balls, Soccer Ball Air Pump","$16
14",$29.99,4.6,"1,007"
"Agility Ladder Speed Training Equipment Set-20ft Agility Ladder,12 Soccer Cones,4 Hurdles, Jump Rope, Running Parachute| Basketball Football Soccer Training Equipment for Kids Youth Adults","$39
99",$59.99,4.5,"1,234"
Football GOATs: The Greatest Athletes of All Time (Sports Illustrated Kids: GOATs),"$8
99",$8.99,4.6,238
"Franklin Sports MLB Kids Pitching Machine - POP ROCKET Kids Baseball Trainer - Includes 5 Plastic Baseballs & Baseball Bat, Multicolor Medium","$34
99",$39.99,4.3,"1,680"
Under Armour Men's Tech 2.0 Short-Sleeve T-Shirt,"$14
30",$25.00,4.5,"21,222"
"RUNNING GIRL Sports Bras for Women High Support,Moulded Cup Racerback High Impact Workout Crop Tops for Women Large Bust","$19
99",$23.99,4.3,79
Women's Seamless Racerback Sports Bra High Impact Support Yoga Gym Workout Fitness,"$30
39",$37.99,4.4,"1,117"
"Glow in The Dark Football - Light Up LED Ball - Perfect for Evening Play, Camping, and Beach Fun!","$29
99",$34.99,4.5,"8,224"
"Bushnell Velocity Speed Gun - Accurate Handheld Radar for Sports, Racing, and Traffic Monitoring","$129
99",$149.99,4.3,"4,278"
Franklin Sports iColor Kids Mini Football or Soccer Ball- Custom Color Youth Junior Ball with Markers Included - Design Your Own Football or Soccer Ball for Kids + Toddlers,"$45
00",N/A,4.6,936
"Sports Research Collagen Peptides - Hydrolyzed Type 1 & 3 Collagen Powder Protein Supplement for Healthy Skin, Nails, & Joints - Easy Mixing Vital Nutrients & Proteins, Collagen for Women & Men","$59
95",$65.95,4.6,"131,075"
AXV Vibration Plate Fitness Platform Exercise Machine Vibrating Lymphatic Drainage Shaking Full Body Shaker Workout Vibrate Stand Shake Board Sport Gym for Weight Loss Fat Burner for Women Men,"$119
99",N/A,4.6,"4,183"
"Soundcore Sport X20 by Anker, True-Wireless Workout Earbuds, Rotatable and Extendable Ear Hooks, Noise Cancelling, Deep Bass, IP68 Waterproof, Sweatproof, Dustproof, 48H Play, Sport Earbuds for Gym","$79
99",N/A,4.3,"2,708"
"MAX'IS Creations The Mug with a Hoop Basketball Mug Novelty Coffee Mugs Hot Chocolate Mug Coach Sports Basketball Gifts for Boys 8-12 Accessories Stuff, Funny Christmas Gifts for Kids Family, 16oz","$29
95",N/A,4.8,"5,681"
Franklin Sports MLB Kids Electronic Baseball Pitching Machine - Automatic Youth Pitching Machine with (6) Plastic Baseballs Included -Youth Baseball Pitcher for Kids Ages 3+,N/A,N/A,4.1,"9,022"
Deluxe Heavy Duty Pickleball Net with Wheels 2.0,"$239
99",$299.99,4.4,123
Light Up Basketball - Glow In The Dark Basketball - Teen Boys Gift Ideas For Boys 8-15+ Year Old - Led Basketball Accessories | Cool Outdoor Toys Ages 8 9 10 11 12 13 14 15 - Sports Stuff For Kids,"$38
50",N/A,4.5,229
"Momentous Omega 3 Fish Oil 1600mg - Daily Fish Oil Omega 3 Supplement for Women and Men with EPA & DHA - Supports Joint Health - NSF Certified, GMO-Free, Gluten Free, 30 Servings","$39
95",N/A,4.1,133
"NativePath Antarctic Krill Oil - Wild-Caught Omega 3 Krill Oil 500mg Softgels with EPA, DHA and Astaxanthin - Omega 3 Supplement for Joint, Heart, Brain and Immunity - 60 ct - No Fishy Aftertaste","$23
99",$29.99,4.3,"3,307"
The League: How Five Rivals Created the NFL and Launched a Sports Empire,"$17
99",$19.99,4.6,"1,229"
"adidas unisex adult 750 Ml (28 Oz) Stadium Refillable Plastic sports water bottles, Black/White, One Size US","$6
91",$12.00,4.6,"2,192"
"Odor-Fighting Shoe Fresheners, Eliminates Unpleasant Smells, Perfect for Sneakers, Gym Bags, Gear Bags, Drawers, Lockers, and More!, Radial Tie Dye, 6 Pack","$14
99",N/A,4.6,"8,093"
"Polar Bottle – Sport Insulated 20oz Nimbus, Seaside Blue & Yellow – Leak Proof Water Bottles Keep Water Cooler 2x Longer than a Regular Reusable Water Bottle","$11
99",$14.00,4.5,"12,087"
Inspirational Sports Stories for Young Readers: How 12 World-Class Athletes Overcame Challenges and Rose to the Top,"$9
99",$12.99,4.6,968
Packers vs. Lions,N/A,N/A,N/A,N/A
"Playtex Sport Tampons, Multipack (24ct Regular/24ct Super Absorbency), Fragrance-Free - 48ct","$11
79",$13.99,4.8,"8,604"
"Soccer/Volleyball/Rugby Trainer, Football Kick Throw Solo Practice Training Aid Control Skills Adjustable Waist Belt for Kids Adults","$16
99",$19.99,4.5,"3,511"
"RUNNING GIRL Sports Bra for Women, Medium-High Support Criss-Cross Back Strappy Padded Sports Bras Supportive Workout Tops","$21
99",N/A,4.3,"2,149"
"Massage Gun Deep Tissue, Handheld Electric Muscle Massager, High Intensity Percussion Massage Device for Pain Relief with 9 Attachments & 30 Speed(Grey)","$29
99",$49.99,4.4,"20,810"
"Lysol Sport Laundry Sanitizer Additive, Sanitizing Liquid for Gym Clothes and Activewear, Eliminates Odor Causing Bacteria, 90oz","$12
97",N/A,4.8,"12,847"
"Under Armour Unisex-Adult Undeniable 5.0 Duffle , Black (001)/Metallic Silver , Small","$38
42",$45.00,4.7,"2,087"
"Sports Research Triple Strength Omega 3 Fish Oil - Burpless Fish Oil Supplement w/EPA & DHA Fatty Acids from Single-Source Wild Alaska Pollock - 1250 mg, 90 ct","$26
95",$29.95,4.7,"46,561"
Raiders vs. Chiefs,N/A,N/A,N/A,N/A
The LoudCup 20 oz Tumbler + Integrated Stadium Horn (Flamingo Pink) - Reusable Water Bottle for Sports Fans - Worlds Loudest Cup for Noisy Fans on Game Day & Tailgating,"$19
96",$24.95,4.3,"1,993"
"Russell Athletic Men's Dri Power Fleece Open Bottom Sweatpants with Pockets, Relaxed Fit, Moisture Wicking","$19
50",$20.50,4.3,"23,810"
"2 Pack Hover Soccer Ball with 8 Pcs Batteries, Air Floating Soccer Toy with LED Lights and Foam Bumper, Indoor Games for Kids 4-8-12, Toys Gifts for 3 4 5 6 7 8 9 Year Old Boys Girls","$21
99",$31.99,4.4,984
Castelli Women’s Endurance Bibshort for Road and Gravel Biking I Female Padded Cycling Shorts,"$159
99",N/A,3.8,9
MCNICK & COMPANY LED Glow in The Dark Football - Light Up Football for Kids - Glow Dark Football PreInstalled Battery - Football Gift Idea - Youth Nighttime Football,"$27
99",$29.99,4.5,632
Night Time Saw Palmetto for Men - Saw Palmetto With Melatonin 3 mg and Chamomile Extract - Sleep & Prostate Supplement - Reduce Urinary Frequency for Men & Support Bladder in PM - Over 6 Month Supply,"$30
13",$44.58,4.3,"36,657"
"Vitamin D3 + K2, 60 Liquid Vegan Capsules, Natural Vitamin D3 from Lichens, Supports Immune, Muscle & Heart Health","$39
94",N/A,N/A,N/A
Rams vs. 49ers,N/A,N/A,N/A,N/A
"HopeRock Indoor Basketball Hoop for Kids, Over The Door Mini Basketball Hoops, LED Light Mini Hoop with Electronic Scoreboard, Birthday Toys Gifts for 5 6 7 8 9 10 11 12+ Year Old Boys","$49
99",N/A,4.5,530
"Sports Research Creatine Monohydrate - Gain Lean Muscle, Improve Performance and Strength and Support Workout Recovery - 5 g Micronized Creatine - 10.58 oz","$17
95",$19.95,4.7,"1,679"
VTech Smart Shots Sports Center (Frustration Free Packaging),"$39
99",N/A,4.7,"30,910"
"SPORTBIT Ball Pump for Sports Balls - Push & Pull Inflating System - Hand Pump for All Exercise Balls - Volleyball Pump, Basketball Inflator, Football & Soccer Ball Air Pump - Goes with 5 Needles Set","$9
59",$15.99,4.5,"1,350"
Academy Sports + Outdoors eGift Card - Email Delivery,"$25
00",N/A,4.9,44
"Apple Watch Series 10 [GPS 46mm case] Smartwatch with Silver Aluminium Case with Blue Cloud Sport Loop. Fitness Tracker, ECG App, Always-On Retina Display, Carbon Neutral",N/A,N/A,4.6,"1,010"
"Reactive Catch Trainer - Ergonomic PU Foam Baseball & Basketball Speed Training Sports Equipment - 4-Color, 3-Pointed Design Improves Focus, Hand-Eye Coordination - App & Online Training Videos","$29
99",$34.99,4.6,"1,948"
Scholastic Year in Sports 2025,"$14
99",N/A,N/A,N/A
Under Armour Women's Crossback Mid Impact Sports Bra,"$28
47",$35.00,4.4,"4,982"
"Sports Research Vegan Biotin 10,000mcg with Coconut Oil - Max Strength Biotin Vitamin B7 for Skin and Keratin Support - Non-GMO & Gluten Free, 120 Softgels (4 Month Supply)","$19
95",$21.95,4.6,"39,897"
"Move2Play, Hilariously Interactive Toy Football with Music and Sound Effects, Ball for Toddlers, Birthday Gift for Boys and Girls 1, 2, 3+ Years Old","$26
99",N/A,4.5,"13,009"
SINOPHANT High Waisted Leggings for Women - Full Length Capri Buttery Soft Yoga Pants for Workout Athletic,"$9
99",N/A,4.3,"6,010"
SPORT BEATS Stadium Seats with Back Support Bleacher Chairs with Back and Cushion Thick Padded Bleacher Seats Includes Shoulder Strap,"$40
88",$52.88,4.7,"6,235"
"GNC Mega Men Sport Multivitamin | Performance, Muscle Function, and General Health | 180 Count","$43
00",N/A,4.7,261
ASURION 2 Year Sporting Goods Protection Plan ($200 - $249.99),"$24
99",N/A,4.5,"5,328"
"OK TAPE Kinesiology Tape Bulk 103Feet, Pro Adhesive, Water-Resistant k Tape, Elastic Athletic Tape, Latex Free, Uncut, Black","$38
99",N/A,4.5,47
"4 of TOSY Frisbee 36 LEDs & Muticolor, Extremely Bright, Smart Modes, Auto Light Up, Rechargeable, Perfect Birthday & Camping Gift for Men/Boys/Teens/Kids, 175g frisbees","$105
95",$147.96,4.6,6
"Primal Harvest Primal Multivitamin - Daily Multi-Vitamin Supplement with 21 Essential Vitamins & Minerals for Women & Men - Vitamin A, C, D, E, B12, B6, Biotin, Folic Acid, Zinc, Copper & Selenium","$26
99",$29.99,4.3,"5,001"
"ONNIT Total Human Day and Night Vitamin Packs for Men and Women,Capsule, 30-Day Supply - Adult Multivitamin","$137
95",N/A,4.5,"4,624"
"Under Armour Women's Mini Headbands 6-Pack , Red (600)/White , One Size Fits All","$3
28",$9.99,4.1,461
"SHOKZ OpenRun (AfterShokz Aeropex) - Open-Ear Bluetooth Bone Conduction Sport Headphones - Sweat Resistant Wireless Earphones for Workouts and Running - Built-in Mic, with Headband","$99
95",$129.95,4.6,"30,750"
Brightz HoopBrightz LED Basketball Hoop Light - 2024's Must-Have for Basketball Lovers - Score and Celebrate with Motion Magic - Color Changing Fun Every Time You Score! - Fun Gift for Boys & Girls,"$34
99",$44.99,4.0,653
Under Armour Men's Woven Vital Pants,"$39
95",N/A,4.3,"14,450"
"KKONES Kids Toys Hover Soccer Ball (Set of 2), Battery Operated Air Floating Soccer Ball with LED Light and Soft Foam Bumper for Indoor Outdoor Game, Gifts for Age 3 4 5 6 7 8-16 Year Old Boys Girls","$21
99",N/A,4.3,"2,283"
Fruit of the Loom Women's Spaghetti Strap Cotton Pull Over 3 Pack Sports Bra,"$7
80",$15.00,4.4,"66,414"
"Magnetic Dart Board for Kids - Indoor Outdoor Darts Game, 16pcs Magnetic Darts, Double Sided Board Games Set, Best Toys Gifts for Teenage Age 5 6 7 8 9 10 11 12 13 14 15 16 Years Old Boys","$25
99",N/A,4.6,"1,433"
"Nuun Sport Electrolyte Tablets - Dissolvable in Water, Mixed Citrus Berry Flavors, 5 Essential Electrolytes for Hydration, 1g Sugar Drink Mix, Vegan, Non-GMO, 4 Pack (40 Total Servings)","$29
96",$37.33,4.4,"20,929"
"TEMI Kids Bow and Arrow Set - LED Light Up Archery Toy Set with 10 Suction Cup Arrows, Target & Quiver, Indoor and Outdoor Toys for Children Boys Girls","$26
99",N/A,4.1,"8,574"
"Sports Research Turmeric Curcumin C3 Complex - Softgels with Bioperine Black Pepper Extract & Organic Coconut Oil, Standardized 95% Curcuminoids - Non-GMO Verified & Gluten Free - 500mg, 120 Count","$31
95",N/A,4.6,"10,082"
A League of Their Own 4K Ultra HD (4K Ultra HD + Blu-ray + Digital) [4K UHD],"$27
49",$38.99,4.8,"17,779"
"Sports Research Daily Probiotics with Prebiotics, 60 Billion CFU - Vegan Capsules for Gut Health & Digestive Support, Probiotics for Women & Men - Non-GMO Verified & Gluten Free - 30 Count","$24
95",N/A,4.6,"2,483"
"Large Dart Board for Kids, Kids Double-Sided Dart Board with Sticky Balls and Darts, Indoor/Outdoor Sport Fun Party Play Game Toys, Gifts for 3 4 5 6 7 8 9 10 11 12 Year Old Boys Girls","$17
99",N/A,4.4,"1,323"
"Nuun Sport Electrolyte Tablets - Dissolvable in Water, Strawberry Lemonade, 5 Essential Electrolytes for Hydration, 1g Sugar Drink Mix, Vegan, Non GMO, 4 Pack (40 Total Servings)","$20
53",$29.96,4.5,"9,524"
"Big Joe Sports Ball Child-Sized Bean Bag Chair, Football Plush, Soft Polyester, 2.5 feet","$39
88",N/A,4.3,"25,522"
"Vega Premium Sport Protein Vanilla Protein Powder, Vegan, Non GMO, Gluten Free Plant Based Protein Powder Drink Mix, NSF Certified for Sport, 29.2 oz, Packaging may vary","$42
96",$64.99,4.3,"14,089"
"Focus Factor Adults Extra Strength, 120 Count - Brain Supplement for Memory, Concentration and Focus - Complete Multivitamin with DMAE, Vitamin D, DHA - Trusted Health Vitamins","$35
99",$39.99,4.2,"9,302"
Gaia Herbs Turmeric Supreme Extra Strength - Helps Reduce Occasional Swelling from Normal Wear & Tear - with Turmeric Curcumin & Black Pepper - 60 Vegan Liquid Phyto-Capsules (Up to 60-Day Supply),"$29
69",N/A,4.7,"3,314"
Dr. Berg (Only 2 Per Day) Turmeric Supplement with Black Pepper (BioPerine) - 1350 mg Turmeric Curcumin Supplement with 95% Curcuminoids – Turmeric Curcumin with Black Pepper – 60 Turmeric Capsules,"$18
99",$20.99,4.7,718
"Sports Research Multi Collagen Pills (Type I, II, III, V, X) Hydrolyzed Collagen Peptides with Hyaluronic Acid + Vitamin C | Non-GMO Verified & Gluten Free - 90 Capsules","$24
95",$27.95,4.6,"6,656"
"Garmin Sport PRO Bundle, Dog Training Collar and Handheld, 1handed Training of Up to 3 Dogs, Tone and Vibration","$249
99",$299.99,4.6,"1,258"
"Hover Soccer Ball Boy Toy, Air Power Floating Hover Soccer with LED Light & Soft Foam Bumper, Kids Training Soccer Ball Indoor Outdoor Game, Birthday Gifts for Age 3 4 5 6 7 8-10 Years Old Boys Girls","$15
99",$17.99,4.3,"6,651"
"Funko POP NBA: Warriors - Stephen Curry, Multicolor, One Size","$14
90",N/A,4.8,"2,088"
"GHB Agility Ladder,Football Training Equipment Set,4 Agility Hurdles, 20 feet12 Rungs Speed Ladder,12 Disc Cones,Resistance Parachute, Jump Rope, 4 Resistance Bands","$49
99",$59.99,4.5,304
Steelers vs. Browns,N/A,N/A,N/A,N/A
"Garden of Life Organic Vegan Sport Protein Powder, Chocolate - Probiotics, BCAAs, 30g Plant Protein for Premium Post Workout Recovery, NSF Certified, Keto, Gluten & Dairy Free, Non GMO, 19 Servings","$41
99",$54.95,4.2,"13,328"
White Mountain Sports Heroes - 1000 Piece Jigsaw Puzzle,"$21
99",N/A,4.8,44
GXXGE Y Back Sports Bras for Women High Impact Spaghetti Thin Strap Fitness Gym Activewear Workout Yoga Bra,"$24
99",N/A,4.5,36
"The Fast-Paced, Football Themed Card Game That Anyone Can Play, Includes 160 Playing Cards, 2-4 Players, Ages 7+, Family Game Night, Card Games for Adults, Stocking Stuffers","$19
95",N/A,4.4,74
"adidas Court Lite Duffel, Jersey Onix Grey/Black, One Size","$18
98",$19.96,4.7,"3,496"
"Waybelive LED Basketball Hoop Lights, Remote Control Basketball Rim LED Light, 16 Color Change by Yourself, Waterproof, Super Bright to Play at Night Outdoors, Good Gift for Kids","$24
99",N/A,4.3,"1,900"
Mans Favorite Sport?,"$9
99",$19.95,4.6,"2,813"
Under Armour Men's Tech 2.0 V-Neck Short-Sleeve T-Shirt,"$12
29",$25.00,4.5,"1,747"
Ayeboovi Toss and Catch Ball Game Outdoor Toys for Kids Games Beach Toys Pool Toys Outdoor Yard Games for 3 4 5 6 7 8 9 10 Year Old Boys Girls Stocking Stuffers Birthday Gifts (Upgraded),"$30
99",$39.99,4.5,"4,205"
"adidas Unisex Defender 4 Small Duffel Bag, Team Power Red, One Size","$30
00",$40.00,4.8,"19,162"
Under Armour Men's HeatGear Leggings,"$29
47",$35.00,4.6,855
"Turmeric Curcumin Complex with Black Pepper Extract - 755mg per Capsule, 180 Veg. Caps - Contains Piperine (for Superior Absorption and Tumeric Bio-Availability) and 95% Standardized Curcuminoids","$33
95",$42.95,4.6,"2,445"
BioMeric Advanced - with Turmeric Curcumin and Wasabi Extracts - 60 Capsules,"$49
95",N/A,4.6,3
Blitz Champz Green Bay Packers Card Game | Football Card Game for Boys and Girls | NFL Gifts for Packers Fans | Fun Family Game | Party Game | Card Game for Kids | Card Game for Adults (Packers),"$24
99",N/A,4.7,42
Jalunth Ball Catch Set Game Toss Paddle - Beach Toys Back Yard Pool Outdoor Lawn Games Backyard Camping Sticky Mitts Age 3 4 5 6 7 8 9 10 11 12 Years Old Boys Girls Kids Adults Family Easter Gifts,"$19
99",N/A,4.5,"3,676"
Mans Favorite Sport?,"$9
99",$19.95,4.6,"2,813"
"BARE PERFORMANCE NUTRITION, BPN G.1.M Go One More Sport, Endurance Training Fuel, Lemon Lime, Superior Carbohydrate Source & Electrolyte Formula, Reduce Fatigue, 25 Servings","$39
99",$47.99,4.6,627
"adidas Unisex Defender 4 Small Duffel Bag, Team Power Red, One Size","$30
00",$40.00,4.8,"19,162"
"FULLOSUN Basketball 3D Night Light Birthday Gift Lamp, Light Up Basketball Gifts 3D Illusion Lamp with Remote Control 16 Colors Changing Sport Fan Room Decoration Boy Kids Room Idea","$17
99",N/A,4.6,"1,784"
Under Armour Men's Tech 2.0 V-Neck Short-Sleeve T-Shirt,"$12
29",$25.00,4.5,"1,747"
"2 PACK Basketball Game Toys, Tabletop Basketball Shooting Game for Kids and Adults, Desk Games for Office for Adult to Reduce Stress, Basketball Party Favors Classroom Prizes for Boys Girls","$13
99",N/A,3.8,43
"Sports Research Multi Collagen Protein Powder (Type I, II, III, V, X) with Hyaluronic Acid + Vitamin C | 5 Types of Food Based Collagen, 30 Servings (Unflavored)","$33
95",N/A,4.3,"1,951"
adidas Boys' Big Active Sports Athletic Tricot Jogger Pant,"$17
49",$35.00,4.7,298
"Hanes Women’s Wireless Racerback Sports Bra, Moisture-wicking Compression Support Bra","$10
63",$21.00,4.0,"10,526"
adidas Men's Essentials 3-Stripes Tricot Jogger Pants,"$29
16",$45.00,4.6,"5,593"
Man's Favorite Sport?,"$9
86",$19.95,4.6,"2,813"
Sports Night: The Complete Series 10th Anniversary Edition,"$88
92",$104.99,4.7,444
All Star Sports Day,"$24
10",N/A,4.3,61
Sports Night - The Complete Series Boxed Set [DVD],N/A,N/A,4.7,444
"You're A Good Sport, Charlie Brown / You're Not Elected, Charlie Brown","$10
99",$14.97,4.8,103
Hanes Men's Mesh Pocket Short,"$8
75",$11.44,4.5,"25,292"
"Pickleball Paddle, Raw Carbon Fiber T700 Abrasion-Resistant Surface, 16MM Polypropylene Honeycomb core, USAPA Approved, High Grit,The Pickleball Paddle Designed for Control Spin & Consistency","$139
99",N/A,4.8,9
"4 Pack Toss and Catch Ball Set for Whole Family - Classic Fun Indoor Outdoor Toys for Toddlers, Kids, Pets & Adults - Water-Resistant Great for Lawn, Living Room, Beach or Pool (Blue-Green)","$26
99",N/A,4.6,62
"Wave Runner Glow in The Dark Soccer Ball Official Regulation Size 5 Bright LED Light Up Ball Comes with Pump PreInstalled Batteries Included | Outdoor Indoor Soccer Ball for Kids, Juniors, Adults","$35
50",$49.99,4.5,73
"KT Tape, Pro Synthetic Kinesiology Athletic Tape, 20 Count, 10” Precut Strip","$17
97",$19.99,4.6,"26,624"
Man's Favorite Sport?,"$20
60",N/A,4.6,"2,813"
"The Wide Wide Sea: Imperial Ambition, First Contact and the Fateful Final Voyage of Captain James Cook","$30
00",$35.00,4.7,"2,375"
3FF: Kids Sports (DVD),"$11
98",$24.98,4.6,3
"You're A Good Sport, Charlie Brown","$9
09",N/A,4.9,194
New York Jets vs. Miami Dolphins,N/A,N/A,N/A,N/A
Gladiator,"$3
59",N/A,4.6,"2,200"
"Linkax Stocking Stuffers for Teens Boys Kids, Christmas Soccer Gifts for Boys, 3D Illusion Lamp Night Light, 8 9 10 11 12 Year Old Boy Birthday Gifts, Football Accessories Stuff Sport Fans Room Decor","$13
99",$16.99,4.3,321
"4 Film Favorites: Martial Arts (Bloodsport, The Corruptor, Rumble In The Bronx, Showdown in Little Tokyo)","$9
49",$14.97,4.5,489
"Paint Your Own Soccer Ball Lamp Kit, DIY 3D Night Light with Soccer Stickers & Wooden Stand, Art Supplies Creativity Arts & Crafts Kit for Kids, Birthday Christmas Gifts for Boys","$19
98",N/A,4.6,"1,810"
Hard Miles,N/A,N/A,4.3,69
"Apple Watch SE (2nd Gen) [GPS 44mm] Smartwatch with Silver Aluminium Case with Denim Sport Band M/L. Fitness and Sleep Trackers, Crash Detection, Heart Rate Monitor, Retina Display","$229
99",$279.00,4.5,"1,410"
Rudy (Special Edition),"$5
39",$9.99,4.8,"6,824"
Bloodsport 1,"$24
89",N/A,4.8,"3,267"
Buena Vista Home Video Extreme Sports Fun,"$14
93",$19.72,4.5,90
The Legend of the 81-Point Game,"$3
99",N/A,4.7,73
Cars,"$3
79",N/A,4.8,"3,437"
"6 of TOSY Flying Disc 36 LEDs, Extremely Bright, Smart Modes, Auto Light Up, Rechargeable, Perfect Birthday & Camping Gift for Men/Boys/Teens/Kids, 175g frisbees","$159
95",$215.94,4.9,13
Wave Runner LED Light-Up Football - Glow in The Dark Football Games- Size 10.35 in. with Pump and Batteries Included | Perfect Football Game Gifts for Teen Boys Ages 7-15 Football Fans & Players,"$39
75",N/A,4.6,277
Boomerangs for Kids: Best Soft Flying Toy - Ideal Gifts For Boys & Girls All Ages - Outdoor Flying Disc & Beach Frisbbee for Kids - Fun Stocking Stuffers For Kids - Boys Toys Age 8-10 Year Old & Up,"$14
95",$21.99,4.1,"2,859"
12 Pairs Kids Wristbands Sweatbands Colorful Sports Wrist Sweat Bands Athletic Basketball Football Party Favors for Kids Outdoor Activity,"$15
99",N/A,4.1,130
Paw Patrol: Sports Day,"$8
01",$14.99,4.8,885
Vikings vs. Rams,N/A,N/A,N/A,N/A
Giannis: The Marvelous Journey,N/A,N/A,5.0,179
Running the Bases,N/A,N/A,4.7,600
Arthur: The Good Sport,"$14
99",N/A,4.6,66
"Training for Speed, Agility, and Quickness","$21
99",$27.95,4.6,338
Mickey Mouse Clubhouse: Mickey's Great Outdoors/Mickey Mouse Clubhouse: Mickey's Sport-Y-Thon [DVD],"$14
13",$19.99,4.8,"3,594"
ABC Wide World of Sports: 40 Years of Glory,"$9
94",N/A,3.9,36
For Love of the Game,"$4
29",N/A,4.8,"6,860"
Twelve,"$4
99",N/A,4.6,"3,908"
Searching for Bobby Fischer,"$3
99",N/A,4.7,"1,890"
Commanders vs. Eagles,N/A,N/A,N/A,N/A
CBS Sports Golazo Network: 2025 Season,N/A,N/A,N/A,N/A
Jerry Maguire (4K UHD),"$4
49",N/A,4.7,"4,391"
Tough Guy: The Bob Probert Story,N/A,N/A,4.7,180
Sesame Street: Count on Sports [DVD],"$8
10",$9.99,4.8,35
"RUNNING GIRL Sports Bra for Women, Medium-High Support Criss-Cross Back Strappy Padded Sports Bras Supportive Workout Tops","$21
99",N/A,4.3,"2,149"
AMRIY Racerback Sports Bras for Women Medium Support Padded Bra Seamless Women's Sports Wireless Bra,"$25
99",$32.99,4.4,533
"3 Pieces Athletic Pre Wrap Tape, Foam Underwrap Athletic Tape, Sport Pre wrap Athletic Tape for Hair Ankle Wrists Knees Sports (2.75 Inches x 30 Yards)","$9
99",N/A,4.4,78
"Care Science Waterproof Kinesiology Tape, 40 ct Precut Strips (2 Rolls), Copper Infused | Water Resistant Strips, Elastic Athletic Tape for Sports & Weightlifting, Muscle Strain Relief & Joint Support","$13
99",N/A,4.4,"5,515"
Running with Speed,"$2
99",N/A,4.4,152
Catching Faith,"$3
99",N/A,4.6,559
Acrisure Classic: California vs. Michigan State,N/A,N/A,N/A,N/A
Facing the Giants,N/A,N/A,4.8,"9,447"
Overcomer,"$3
99",N/A,4.8,"22,587"
New York Knicks at Toronto Raptors,N/A,N/A,N/A,N/A
Bloodsport / Ninja Assassin (Double Feature),"$9
99",N/A,4.8,67
For Love of the Game,"$5
00",$14.98,4.8,"6,860"
1,"$4
99",N/A,4.4,"1,234"
Club Brugge vs. Sporting CP,N/A,N/A,N/A,N/A
The Miracle Season,N/A,N/A,4.7,"2,611"
DISNEY MICKEY MOUSE CLUBHOUSE: MICKEY'S SPORT-Y-THON (HOME VIDEO RELEASE),N/A,N/A,4.7,134
Sports Night: Season 1,N/A,N/A,4.6,674
Sparta Praha vs. Atlético Madrid,N/A,N/A,N/A,N/A
"SHOKZ OpenRun Pro - Open-Ear Bluetooth Bone Conduction Sport Headphones - Sweat Resistant Wireless Earphones for Workouts and Running with Premium Deep Base - Built-in Mic, with Hair Band","$139
95",$179.95,4.5,"22,535"
PAW Patrol - Sports Day,"$8
13",N/A,4.8,885
AMRIY Racerback Sports Bras for Women Medium Support Padded Bra Seamless Women's Sports Wireless Bra,"$25
99",$32.99,4.4,533
"RUNNING GIRL Sports Bra for Women, Criss-Cross Back Padded Strappy Sports Bras Medium Support Yoga Bra with Removable Cups","$21
99",N/A,4.4,"42,693"
"HOTWAVE Portable Exercise Equipment with 16 Gym Accessories.20 in 1 Push Up Board Fitness,Resistance Bands with Ab Roller Wheel,Full Body Workout at Home","$59
99",N/A,4.1,569
"Upgraded Pre Wrap Tape Athletic,6 Rolls Black Prewrap Headbands for Hair Soccer,Foam Underwrap Sports Wrap-Beige,White,Blue,Green,Pink,Yellow,Total 132 Yards","$9
99",N/A,4.5,109
PBS KIDS: 15 Sports Stories,"$6
99",N/A,4.7,141
Liverpool vs. Real Madrid,N/A,N/A,N/A,N/A
Falling For Christmas,N/A,N/A,N/A,N/A
Be Your Own Coach in Sporting Clays the Woolley Way,"$59
95",N/A,4.2,6
Round Of Your Life,N/A,N/A,4.1,147
Home Run,N/A,N/A,4.7,416
Trijicon's World of Sports Afield - Season 12,N/A,N/A,N/A,N/A
Sturm Graz vs. Girona,N/A,N/A,N/A,N/A
MGM Movie Collection - 6 Sports Movies (Bull Durham / Rocky Marciano / Body and Soul [1981] / Body and Soul [1999] / Diggstown / Semi-Tough),"$34
00",N/A,4.3,22
A Team Called SPAIN: The Road to the Fourth Win,N/A,N/A,N/A,N/A
Ski School,N/A,N/A,N/A,N/A
Biggest Names in Sports,"$1
99",N/A,N/A,N/A
Sporting CP vs. Arsenal,N/A,N/A,N/A,N/A
Sesame Street: Be a Good Sport [DVD],"$8
99",$9.94,4.2,42
Lazy Town: Super Sports Show,"$9
99",N/A,4.3,67
On Angel's Wings,N/A,N/A,4.5,33
AMRIY Racerback Sports Bras for Women Medium Support Padded Bra Seamless Women's Sports Wireless Bra,"$25
99",$32.99,4.4,533
"RUNNING GIRL Sports Bra for Women, Criss-Cross Back Padded Strappy Sports Bras Medium Support Yoga Bra with Removable Cups","$21
99",N/A,4.4,"42,693"
"Indoor Basketball Hoop for Kids 5 6 7 8 9 10+Years Old Boys,Mini Basketball Hoop Over The Door Mini Hoop with Electronic Scoreboard & 3 Balls,Kids Basketball Hoop Sport Toys for Gift for Boys Age 5-10","$39
99",$49.99,4.6,179
Libima 30 Pack Mini Footballs Bulk 7 Inch Small Toy Footballs Spiral Foam Football Soft Sports Footballs for Indoor Outdoor Play Game Boys Girls Football Party Supplies,"$69
99",N/A,N/A,N/A
"What's New Scooby-Doo, Vol. 5 - Sports Spooktacular",N/A,N/A,4.7,58
Nsw Sports Party Cib,"$19
86",N/A,N/A,N/A
Rodeo Girl,N/A,N/A,4.3,154
"Rich, Tommy - Wildfire Vol 1","$9
95",N/A,3.4,7
MGM 4 Sports Movies - Hoosiers/The Jackie Robinson Story/The Pride of the Yankees/Eight Men Out,N/A,N/A,3.7,6
Baseball All-Stars 4-Movie Spotlight Series [DVD],"$14
00",$14.98,4.5,173
Good Sports Gang: Together We're Better [DVD],"$17
17",N/A,4.3,8
Amazing Sports Bloopers,"$7
99",$10.98,3.6,15
Bloodsport - Eine wahre Geschichte [Blu-ray],"$15
94",$19.52,4.8,"3,267"
Future Sport [DVD],N/A,N/A,4.2,53
Sports Massage,"$39
95",N/A,3.7,19
Chasing Red,"$3
99",N/A,N/A,N/A
ONE Fight Night 26: Lee vs. Rasulov,N/A,N/A,N/A,N/A
The Sports Pages,"$16
15",N/A,3.6,23
"Good Sports Gang, Episode 1: Elliot The Invincible [DVD]","$4
99",$8.26,4.1,20
LA Galaxy vs. New York Red Bulls,N/A,N/A,N/A,N/A
AMRIY Racerback Sports Bras for Women Medium Support Padded Bra Seamless Women's Sports Wireless Bra,"$25
99",$32.99,4.4,533
"RUNNING GIRL Sports Bra for Women, Criss-Cross Back Padded Strappy Sports Bras Medium Support Yoga Bra with Removable Cups","$21
99",N/A,4.4,"42,693"
"3-in-1 T Ball Set - Adjustable Height, Hanging Tee Ball Set with Automatic Pitching Machine/6 Balls/Retractable Bat, T Ball Stand Suit for Outdoor, Sport Toys Gifts for Kids Boys Age 3+","$29
99",N/A,4.0,100
"SPORTLEGS Fast Fitness Boost Pre Workout Lactic Acid Supplement, Sports Endurance Fuel - NSF Certified for Sport,120-Capsule Bottle, Pack of 1","$34
95",N/A,4.5,"3,316"
Van Damme Collection (Bloodsport / Timecop),"$25
28",N/A,4.7,397
This Sporting Life [1963] [DVD],"$14
99",N/A,4.3,221
Sports Illustrated 1996 the Year in Sports,"$4
98",N/A,N/A,N/A
Slap Shot,"$5
99",$14.98,4.7,"5,971"
Sports Bloopers - Football [DVD],"$28
61",N/A,4.5,3
Red Sox vs. Yankees: The Ultimate Rivalry [DVD],"$4
10",$8.28,4.1,24
Bloodsport,"$29
99",N/A,4.8,"3,267"
Sporting Blood,"$13
34",N/A,4.5,16
The Dan Le Batard Show with Stugotz,N/A,N/A,N/A,N/A
Baseball's Greatest Legends [DVD],"$5
87",N/A,4.2,28
The Perfect Race,"$14
99",N/A,4.8,427
The Fabulous Ones - Best Of The Fabulous Ones 1,"$19
98",N/A,5.0,8
Fathers of the Sport,N/A,N/A,4.7,6
Up & Adams from FanDuel TV,N/A,N/A,N/A,N/A
Nba-Z Bloopers,"$8
88",N/A,4.3,64
Rookie of the Year,N/A,N/A,4.7,"6,116"
NELEUS Women's Lightweight Running Shorts Workout Athletic Short for Yoga with Pocket,"$37
89",N/A,4.3,"3,028"
Hope College Stacked One Color Unisex Short Sleeve T-Shirt - Hope Flying Dutchmen Apparel,"$19
99",N/A,4.8,5
"200PCS Sports Stickers for Water Bottles, Waterproof Vinyl Stickers, Party and Holiday Gifts for Kids, Teens, Adults, Boys, Girls","$7
99",N/A,4.7,111
GlowCity Glow in The Dark Soccer Ball | Light Up Indoor/Outdoor Soccer Ball with 2 LED Lights | Pre-Installed Batteries | Fun Gift for Teens,"$27
54",$34.99,4.5,"10,047"
Rookie of the Year,N/A,N/A,4.7,"6,116"
"Nintendo Wii Black System HD Ready + Wii Fit Plus, Balance Board Mat Bundle",N/A,N/A,4.0,217
CBS Sports Golazo Network: 2025 Season,N/A,N/A,N/A,N/A
Surf Ninjas,N/A,N/A,4.8,"2,220"
Fly Fishing: The Lifetime Sport [DVD],N/A,N/A,3.7,7
Biggest Names in Sports- Season 2,"$1
99",N/A,N/A,N/A
Unicorn Town,"$3
99",N/A,5.0,14
It's in the Game: Madden NFL - Season 1,N/A,N/A,N/A,N/A
Major League (Wild Thing Edition) [Blu-ray],"$15
47",$12.48,4.8,"6,022"
America's Funniest Home Videos: Sports Spectacular,N/A,N/A,4.3,261
Season 3,"$1
99",N/A,N/A,N/A
NBA Bloopers 1,"$1
87",N/A,4.3,9
Behind the Gate - 2024,N/A,N/A,N/A,N/A
Sandlot,"$10
00",$12.99,4.9,"29,627"
Angels In The Outfield,"$9
96",$12.99,4.8,"7,636"
Best of Sports Bloopers [DVD],"$9
88",N/A,3.6,2
NELEUS Women's Lightweight Running Shorts Workout Athletic Short for Yoga with Pocket,"$37
89",N/A,4.3,"3,028"
"RUNNING GIRL Sports Bra for Women, Criss-Cross Back Padded Strappy Sports Bras Medium Support Yoga Bra with Removable Cups","$22
99",N/A,4.4,"42,693"
"PLKOW Sports Equipment Storage for Garage, Indoor/Outdoor Sports Rack for Garage, Ball Storage Garage Organizer with Basket and Hooks,Toy/Sports Gear Storage","$79
99",$99.99,4.5,450
"HOTWAVE Push Up Board Fitness, Portable Foldable 20 in 1 Push Up Bar at Home Gym, Pushup Handles for Floor. Professional Strength Training Equipment For Man and Women,Patent Pending","$31
99",$39.99,4.4,"2,185"
Best of Sports Bloopers [DVD],"$9
88",N/A,3.6,2
The Greatest NFL Players and Coaches,"$8
00",$11.95,4.5,142
Bloodsport / Timecop (Action Double Feature) [Blu-ray],N/A,N/A,4.7,888
Facing the Giants,"$8
99",$9.99,4.8,"9,447"
The Sport Parade,"$9
49",N/A,3.9,13
"Still, We Believe - The Boston Red Sox Movie [DVD]","$8
60",$9.95,4.6,52
Sudurpaschim Royals vs. Karnali Yaks,N/A,N/A,N/A,N/A
NFL - Greatest Super Bowl Moments [DVD],"$9
53",N/A,4.6,25
"Hard Knocks: In Season With the AFC North, Season 1",N/A,N/A,N/A,N/A
Overcomer,"$11
98",$19.99,4.8,"22,587"
Running Brave,"$2
99",N/A,N/A,N/A
Seattle Kraken at Vancouver Canucks,N/A,N/A,N/A,N/A
The St. Tammany Miracle [DVD],"$12
99",N/A,3.9,21
Tank Davis vs. Lamont Roach,N/A,N/A,N/A,N/A
Season 8,"$1
99",N/A,N/A,N/A
NFL on CBS: 2024-2025 Season,N/A,N/A,N/A,N/A
NELEUS Women's Lightweight Running Shorts Workout Athletic Short for Yoga with Pocket,"$37
89",N/A,4.3,"3,028"
NELEUS Dry Fit Workout Athletic Muscle Tank Top Running Shirts with Hoods,"$29
89",N/A,4.5,"10,348"
"Indoor Basketball Hoop for Kids Age 6-8,8-12, Over The Door Mini Hoop with LED Lighting & Electronic Scoreboard & 3 Balls - Basketball Hoop Indoor for Boys 5 6 7 8 9 10 11 12 Year Old Birthday Gifts","$29
99",$32.99,4.4,49
"Indoor Mini Basketball Hoop for Kids, Door Room Basketball Hoops with LED Lighting, Mini Hoop with Scoreboard & 2 Balls, Basketball Toys Gifts for 5 6 7 8 9 10 11 12 Year Old Boys Girls","$35
99",N/A,4.8,7
Tonbo!,N/A,N/A,N/A,N/A
BLUE LOCK 2nd Season - S02,N/A,N/A,N/A,N/A
UEFA Champions League: 2024-2025 Season,N/A,N/A,N/A,N/A
Wrestling Classics Volume 2,"$7
98",N/A,4.7,47
"ESPN Films: 30 for 30, vol. V","$2
99",N/A,5.0,8
Freediver,"$3
99",N/A,3.0,2
"Basketball Hoop Indoor for 5 6 7 8 9 10+ Year Old Boys Kids, Mini Basketball Hoop with Electronic Scoreboard Over The Door, Birthday Gift Sport Toys","$37
99",N/A,4.5,411
"Push Up Board,Home Gym,Portable Exercise Equipment,Pilates Bar & 20 Fitness Accessories with Resistance Bands & Ab Roller Wheel,Full Body Workout at Home","$59
99",$89.99,4.4,"1,056"
Signing Time! Season 2 Volume 7: My Favorite Sports,"$32
92",N/A,4.4,29
"NFL Pro Football Tabletop Stackers Block Game by Wild Sports - Perfect Gift for NFL Football Fan, Dorm Game, Rec Room, Tailgate","$19
99",N/A,4.7,"4,367"
The Perfect Game,"$3
99",N/A,4.8,"1,182"
Hanes Women's Racerback Cotton T-Back Bralette (3 Pack),"$14
99",N/A,4.0,"3,781"
"EyeBlack Anti-Glare Under Eye Black Sports Grease Stick for Pro Performance - Softball, Football, Baseball, Soccer, Cheer, Volleyball – Tailgate, Championship, Playoffs, Game Day - 1 Stick","$4
99",N/A,4.6,"3,236"
Franklin Sports NHL Kids Street Hockey Stick Set - Includes (2) Youth Street Hockey Sticks + (1) Outdoor Roller Hockey Ball - Perfect Hockey Starter Set for Kids,"$12
96",$16.36,4.3,"4,749"
She's The Man,N/A,N/A,4.7,"1,657"
"Official 365 Sports Facts-A-Year Page-A-Day® Calendar 2025: Triva, Record-Breaking Feats, Come from Behind Wins & Quotes","$13
84",$17.99,4.6,7
NELEUS Women's Lightweight Running Shorts Workout Athletic Short for Yoga with Pocket,"$37
89",N/A,4.3,"3,028"
NELEUS Dry Fit Workout Athletic Muscle Tank Top Running Shirts with Hoods,"$29
89",N/A,4.5,"10,348"
"Ka’Chava All-In-One Nutrition Shake Blend, 85+ Superfoods & Nutrients, Meal Replacement, Greens Plant-Based Superfood Powder Protein Drink, Digestive Enzymes & Probiotics, Vegan Dairy Gluten Free, 2lb","$79
99",N/A,4.3,"9,664"
"Promix Whey Protein Isolate Powder, Chocolate - 5lb Bulk - Grass-Fed & 100% All Natural - ­Post Workout Fitness & Nutrition Shakes, Smoothies, Baking & Cooking Recipes - Gluten-Free & Keto-Friendly","$98
99",N/A,4.2,"1,529"
"Vega Premium Sport Protein Vanilla Protein Powder, Vegan, Non GMO, Gluten Free Plant Based Protein Powder Drink Mix, NSF Certified for Sport, 4lb 1.8 oz","$97
02",N/A,4.5,"5,016"
Field of Dreams (4K Ultra HD + Blu-ray + Digital),"$14
18",$22.98,4.8,"15,964"
ASURION 2 Year Sporting Goods Protection Plan ($250 - $299.99),"$26
99",N/A,4.2,"5,435"
"GoSports BattlePutt Golf Putting Game, 2-on-2 Pong Style Play with 11 ft Putting Green, 2 Putters and 2 Golf Balls","$115
60",$159.99,4.6,"1,433"
Moto 9: The Movie,N/A,N/A,4.4,92
The Most Incredible Sports Stories Ever Told: Inspirational and Unforgettable Tales from the Greatest Athletes Ever,"$13
92",N/A,4.3,43
Power Play: A Grumpy Sunshine Marriage of Convenience Romance (D.C. Stars Book 2),"$0
00",N/A,4.4,"4,326"
How to Shoot Sporting Clays / Trap and Skeet Shooting,"$6
00",N/A,3.8,17
"Honey Stinger Organic Honey Waffle, Energy Stroopwafel for Exercise, Endurance and Performance, Sports Nutrition for Home & Gym, Pre & During Workout, Box of 16 Waffles, 16.96 Ounce (Pack of 16)","$19
79",N/A,4.6,"19,752"
Back to School,N/A,N/A,4.7,"2,103"
"Baby GUND My First Sports Bag Stuffed Plush Playset, Baby Gift Toys for Boys and Girls Ages 1 & Up, 5 Piece, 8""","$19
99",$24.31,4.6,"17,374"
Cloudbuster Nine: The Untold Story of Ted Williams and the Baseball Team That Helped Win World War II,"$17
99",N/A,4.6,"1,545"
What's New Scooby-Doo? Vol. 5 Sports Spooktacular,N/A,N/A,5.0,4
"Care Science Waterproof Kinesiology Tape, 40 ct Precut Strips (2 Rolls), Copper Infused | Water Resistant Strips, Elastic Athletic Tape for Sports & Weightlifting, Muscle Strain Relief & Joint Support","$13
99",N/A,4.4,"5,515"
"Nuun Sport Electrolyte Tablets - Dissolvable in Water, Tri Berry, 5 Essential Electrolytes for Hydration, 1g Sugar Drink Mix, Vegan, Non-GMO, 4 Pack (40 Total Servings)","$22
04",N/A,4.5,"3,193"
The Year's Best Sports Writing 2024,"$18
55",$19.95,4.4,4
"Be Amazing Vegan Protein Powder | 20g Plant-Based Protein with Prebiotics Fibers | Sugar-and-Gluten-Free Shake Mix, Low Carb Non-Dairy Smoothie | Brown Sugar Oatmeal, 25 Servings","$52
99",N/A,4.4,485
"Possible Protein Powder Vanilla Bean - 20g of Vegan, Plant-Based Protein Mix - Non-GMO, Non-Dairy, Gluten-Free - 3.5g of BCAAs - 9 Essential Amino Acids - 30-Day Supply - 2 Bag, 30 Servings","$79
99",N/A,4.2,139
"LIFEWTR Premium Purified Water pH Balanced with Electrolytes, 100% recycled plastic bottles, 16.9 Fl Oz Bottles, 500ml (Pack of 12)","$15
49",N/A,4.7,"50,403"
"Nirvana Natural Spring Water - Fresh Bottling, High in Calcium, Bromate-Free, BPA-Free Bottles Water - Best Water Natural Sourced from Adirondack Mountains - (16.9 fl oz - 24 Bottles)","$34
99",N/A,4.1,43
The Long Game (DVD),"$12
96",$17.98,4.6,"1,220"
FIJI Natural Artesian Bottled Water 700mL / 23.7 Fl Ounce (Pack of 12) - Sports Cap - 100% Natural Electrolytes,"$15
42",N/A,4.8,"5,830"
"Sports Research Women's Probiotics with Prebiotics, 65 Billion CFU - Vegan Capsules for Gut Health & Digestive Support, Probiotics for Women with Cranberry - Non-GMO Verified & Gluten Free - 30 Count","$24
95",N/A,4.5,380
Under Armour Men's Rival Fleece Jogger,"$37
99",$55.00,4.6,734
Season 8,"$1
99",N/A,N/A,N/A
"Assorted Set of 100 Basketball Trading Cards - All New Condition Cards - Perfect Starter Set for Kids, Adults, & Collectors - Potential Superstar and Hall of Fame Cards Available - Retail Packaging","$35
99",N/A,4.0,100
Sports Research Vitamin B-Complex - Full Spectrum of B Vitamins - Plant-Based Vegan-Friendly Formula - 120 Veggie Softgels,"$25
95",$28.95,4.6,277
"Nuun Sport Electrolyte Tablets - Dissolvable in Water, Variety Pack, 5 Essential Electrolytes for Hydration, 1g Sugar Drink Mix, Vegan, Non-GMO, 6 Pack (60 Total Servings)","$26
49",N/A,4.4,"12,689"
Wrestling Classics Volume 2,"$7
98",N/A,4.7,47
"POWERADE Sports Drink Mountain Berry Blast, 20 Ounce (Pack of 24)","$17
94",N/A,4.7,"2,888"
Sporting CP vs. Arsenal,N/A,N/A,N/A,N/A
Bloodsport - Eine wahre Geschichte [Blu-ray],"$15
94",$19.52,4.8,"3,267"
GoSports Ladder Toss Indoor & Outdoor Game Set with 6 Soft Rubber Bolo Balls and Travel Carrying Case - Choose Pro or Classic,"$30
99",$32.99,4.6,"13,755"
Sports Research­® Organic Collagen Peptides - Hydrolyzed Type I & III Collagen Protein Powder Made Sustainably from Grass-Fed Cows - Unflavored - 30 Servings,"$32
95",$35.95,4.3,833
Cocky Score: A Fake Relationship Hockey Romance (The Hawkeyes Hockey Series Book 1),"$0
00",N/A,4.3,"6,966"
THE GYM PEOPLE Womens' Sports Bra Longline Wirefree Padded with Medium Support,"$17
99",$26.99,4.3,"42,970"
MAGCOMSEN Men's Short Sleeve UPF 50+ T-Shirt Quick Dry Rash Guard Athletic Running Swim Top Tee Performance Water Shirts,"$18
98",N/A,4.5,"2,045"
"NO DAYS OFF Premium Water (Sparkling), 12 Pack - 16 fl oz/can, 5.68L Total, Reverse Osmosis Canned Water, Carbonated","$28
99",N/A,4.3,184
"Nella Gut Health Supplements for Women & Men (30 Capsules), Energy Boosting Probiotics for Digestive Health, 3 Strains, Daily Probiotic Pills, Supports Workout & Recovery","$65
00",N/A,4.0,60
LMNT Zero Sugar Electrolytes - Watermelon Salt | Drink Mix | 30-Count,"$45
00",N/A,4.6,"16,772"
"Stanley IceFlow Stainless Steel Tumbler with Straw - Vacuum Insulated Water Bottle for Home, Office or Car Reusable Cup with Straw Leak Resistant Flip Cold for 12 Hrs or Iced for 2 Days (Rose Quartz)",N/A,N/A,4.6,"26,641"
"Nintendo Wii Black System HD Ready + Wii Fit Plus, Balance Board Mat Bundle",N/A,N/A,4.0,217
"Kids Arcade Basketball Game with Electronic Scoreboard and Cheer Sounds, Indoor/Outdoor Basketball Hoop with 4 Balls, Game Toy Gift for Ages 3-12 Boys and Girls (Red, Blue)","$39
99",$56.99,4.1,657
The Legend of the 81-Point Game,"$3
99",N/A,4.7,73
Sports Illustrated 1996 the Year in Sports,"$4
98",N/A,N/A,N/A
Relentless: From Good to Great to Unstoppable,"$0
00",$17.00,4.7,"12,545"
"NORTHYARD Men's Athletic Running Shorts Quick Dry Workout Shorts 7""/ 5""/ 9"" Lightweight Sports Gym Basketball Shorts Hiking","$19
99",$32.99,4.5,"12,108"
"Handeful Grip Strength Tester Trainer - Dynamometer Handgrip Measurer Meter, Handheld Strengthener Exerciser for Sports, School, and Home Use (198Lbs / 90Kgs)","$20
00",$25.99,4.5,"2,684"
"Sports Research Whey Protein Isolate - Sports Nutrition Protein Powder 25g per Scoop - 2lb Bag Whey Protein - Dutch Chocolate Bulk Protein Powder, 25 Servings","$37
95",N/A,4.3,"1,565"
MGM Movie Collection - 6 Sports Movies (Bull Durham / Rocky Marciano / Body and Soul [1981] / Body and Soul [1999] / Diggstown / Semi-Tough),"$34
00",N/A,4.3,22
ASURION 2 Year Sporting Goods Protection Plan ($175 - $199.99),"$21
99",N/A,4.5,"8,670"
Searching for Bobby Fischer,"$3
99",N/A,4.7,"1,890"
Rotibox Bluetooth Beanie Hat Wireless Headphone for Outdoor Sports Xmas Gifts,"$29
49",N/A,4.4,"5,003"
"Glow in The Dark Blanket, Super Soft Blankets and Throws to Build Night Routine for Kids, Sports Designed Kids Blanket That Doesn't Pill, Fray, or Fade, Comfortable Toddler Blanket for Boys and Girls","$17
99",$19.99,4.5,135
Future Sport [DVD],N/A,N/A,4.2,53
"6 Pack Sport Bands Compatible with Apple Watch Band 38mm 40mm 41mm 42mm 44mm 45mm 49mm 46mm,Silicone Waterproof Strap Compatible with iWatch Apple Watch Series 10 9 Ultra 8 7 6 5 4 3 2 1 SE Women Men","$15
98",N/A,4.7,"43,133"
Mannatech GI-Zyme 60 Capsules,"$49
99",N/A,4.6,3
"Propel Fitness Water Tablets, Berry, 10 Count Tube, (Pack of 8)","$38
99",$42.00,3.7,459
"Toddler Basketball Hoop Indoor for Kids, Height Adjustable Poolside Basketball Hoop with 3 Balls for Outdoor Game, Portable Mini Basketball Goal Sport Toys Gift for Toddler Boy Girl Age 2 3 4","$39
99",$43.99,4.4,55
"HopeRock Toddler Basketball Hoop, Pool Basketball Hoop for Kids 2-8, Height Adjustable Indoor Outdoor Mini Basketball Hoop with 4 Balls, Basketball Toys Gifts for 2 3 4 5 6 7 8 Years Old Boys Girls","$59
99",N/A,4.3,418
Searching for Bobby Fischer,"$3
99",N/A,4.7,"1,890"
ASURION 2 Year Sporting Goods Protection Plan ($175 - $199.99),"$21
99",N/A,4.5,"8,670"
"Aolesy Men’s 2 in 1 Running Shorts -7'' Quick Dry Workout Gym Shorts with Pockets, Tennis Training Athletic Shorts with Liner","$25
99",N/A,4.3,181
"G Gradual Men's Athletic Shorts with Pockets 11"" Long Basketball Shorts Lightweight Quick Dry Gym Workout Shorts for Men","$18
99",N/A,4.4,257
